{	
	"vayra_note1":[{"file":"sounds/notes/note1.ogg","pitch":1.00,"volume":1.0},],
	"vayra_note2":[{"file":"sounds/notes/note2.ogg","pitch":1.00,"volume":1.0},],
	"vayra_note3":[{"file":"sounds/notes/note3.ogg","pitch":1.00,"volume":1.0},],
	"vayra_note4":[{"file":"sounds/notes/note4.ogg","pitch":1.00,"volume":1.0},],
	"vayra_note5":[{"file":"sounds/notes/note5.ogg","pitch":1.00,"volume":1.0},],
	"vayra_note6":[{"file":"sounds/notes/note6.ogg","pitch":1.00,"volume":1.0},],
	"vayra_note7":[{"file":"sounds/notes/note7.ogg","pitch":1.00,"volume":1.0},],
	"vayra_note8":[{"file":"sounds/notes/note8.ogg","pitch":1.00,"volume":1.0},],
	"vayra_note9":[{"file":"sounds/notes/note9.ogg","pitch":1.00,"volume":1.0},],
	"vayra_note_scale":
	[
		{"file":"sounds/notes/note1.ogg","pitch":1.00,"volume":1.0},
		{"file":"sounds/notes/note2.ogg","pitch":1.00,"volume":1.0},
		{"file":"sounds/notes/note3.ogg","pitch":1.00,"volume":1.0},
		{"file":"sounds/notes/note4.ogg","pitch":1.00,"volume":1.0},
		{"file":"sounds/notes/note5.ogg","pitch":1.00,"volume":1.0},
		{"file":"sounds/notes/note6.ogg","pitch":1.00,"volume":1.0},
		{"file":"sounds/notes/note7.ogg","pitch":1.00,"volume":1.0},
		{"file":"sounds/notes/note8.ogg","pitch":1.00,"volume":1.0},
		{"file":"sounds/notes/note9.ogg","pitch":1.00,"volume":1.0},
	],
	
#collapseopen WEAPONS
	
	"vayra_m60_noise":
	[
		{"file":"sounds/guns/vayra_m60_1.ogg","pitch":0.85,"volume":0.11},
		{"file":"sounds/guns/vayra_m60_2.ogg","pitch":0.84,"volume":0.12},
		{"file":"sounds/guns/vayra_m60_3.ogg","pitch":0.83,"volume":0.13},
		{"file":"sounds/guns/vayra_m60_1.ogg","pitch":0.82,"volume":0.12},
		{"file":"sounds/guns/vayra_m60_2.ogg","pitch":0.81,"volume":0.13},
		{"file":"sounds/guns/vayra_m60_4.ogg","pitch":0.80,"volume":0.14},
	],
	
  "antediluvian_slug_01":[{"file":"sounds/guns/antediluvian_slug_01.ogg","pitch":1,"volume":0.2}],
  "antediluvian_machine_01":[{"file":"sounds/guns/antediluvian_machine_01.ogg","pitch":1,"volume":0.001}],
  "antediluvian_torpedo_01":[{"file":"sounds/guns/antediluvian_torpedo_01.ogg","pitch":1,"volume":0.2}],
  "antediluvian_sonic_01":[{"file":"sounds/guns/antediluvian_sonic_01.ogg","pitch":1,"volume":1}],
  "antediluvian_beam_01":[{"file":"sounds/guns/antediluvian_beam_01.ogg","pitch":1,"volume":0.5}],
	
#collapseclose
}