{
	# should be a copy of "combatSmall", minus variants that are annoying to fight in low numbers
	# for example, no Hyperions or fast beam-based kiting loadouts, or ships with damper field
	"combatSmallForSmallFleet":{
			"cerberus_luddic_path_vayra_turtle":3,
			"cerberus_d_pirates_vayra_turtle":7,
			"vayra_razorback_cs":1,
			"vayra_razorback_ov":1,
			"vayra_razorback_sh":2,
			"vayra_hail_p_st":3.33,
			"vayra_hail_p_cs":3.33,
			"vayra_hail_p_i":3.33,
			"vayra_greyhound_at":4,
			"vayra_greyhound_at2":4,
			"vayra_greyhound_ov":2,
			"vayra_groundhog_m":2.5,
			"vayra_groundhog_cs":2.5,
			"wayfarer_vayra_turtle":2,
			"cerberus_vayra_turtle":7,
			"vayra_mining_hound_shielded":1,
			"vayra_mining_hound_hardened":1,
			"vayra_mining_hound_cutter_o":1,
			"wolf_d_pirates_vayra_mining_o":2,
			"wolf_d_pirates_vayra_streamer":2,
			"wolf_d_pirates_vayra_lancer":2,
			"vayra_mudskipper_xiv_rd":1,
			"antediluvian_azores_Attack":10,
			"vayra_bruiser_a":4,
			"vayra_bruiser_cs":4,
			"vayra_bruiser_o":2,
			"vayra_bruiser_lc_l":10,
			"vayra_bruiser_lp_o":10,
			"vayra_hatchetman_a":4,
			"vayra_hatchetman_o":4,
			"vayra_hatchetman_s":2,
			"vayra_kingfisher_blaster":5,
			"vayra_kingfisher_torpedo":5,
			"vayra_spade_p_assault":2, # Was 4 for all spades, reduced to cut down on Spade spam - PM
			"vayra_spade_p_attack":2,
			"vayra_spade_lp_assault":2,
			"vayra_spade_lp_attack":2,
			"vayra_swordsman_assault":2.5,
			"vayra_swordsman_cs":2.5,
			"vayra_swordsman_overdriven":2.5,
			"vayra_swordsman_strike":2.5,
			"vayra_pinnacle_beam":2.5,
			"vayra_pinnacle_assault":2.5,
			"vayra_pinnacle_lance":2.5,
			"vayra_pinnacle_overdriven":2.5,
	},
	"combatSmall":{
			"cerberus_luddic_path_vayra_turtle":3,
			"cerberus_d_pirates_vayra_turtle":7,
			"vayra_razorback_cs":1,
			"vayra_razorback_ov":1,
			"vayra_razorback_sh":2,
			"vayra_hail_p_st":3.33,
			"vayra_hail_p_cs":3.33,
			"vayra_hail_p_i":3.33,
			"vayra_hail_st":3.33,
			"vayra_hail_cs":3.33,
			"vayra_hail_i":3.33,
			"vayra_greyhound_at":4,
			"vayra_greyhound_at2":4,
			"vayra_greyhound_ov":2,
			"vayra_groundhog_m":2.5,
			"vayra_groundhog_cs":2.5,
			"wayfarer_vayra_turtle":2,
			"cerberus_vayra_turtle":5,
			"vayra_mining_hound_shielded":1,
			"vayra_mining_hound_hardened":1,
			"vayra_mining_hound_cutter_o":1,
			"wolf_d_pirates_vayra_mining_o":2,
			"wolf_d_pirates_vayra_streamer":2,
			"wolf_d_pirates_vayra_lancer":2,
			"vayra_mudskipper_xiv_rd":1,
			"antediluvian_azores_Attack":10,
			"antediluvian_forlorn_Submersible":10,
			"vayra_bruiser_a":4,
			"vayra_bruiser_cs":4,
			"vayra_bruiser_o":2,
			"vayra_bruiser_lc_l":10,
			"vayra_bruiser_lp_o":10,
			"vayra_hatchetman_a":4,
			"vayra_hatchetman_o":4,
			"vayra_hatchetman_s":2,
			"vayra_kingfisher_blaster":5,
			"vayra_kingfisher_torpedo":5,
			"vayra_tower_standard":4,
			"vayra_tower_cs":3,
			"vayra_tower_overdriven":3,
			"vayra_spade_p_assault":2, # Was 4 for all spades, reduced to cut down on Spade spam - PM.
			"vayra_spade_p_attack":2,
			"vayra_spade_lp_assault":2,
			"vayra_spade_lp_attack":2,
			"vayra_swordsman_assault":2.5,
			"vayra_swordsman_cs":2.5,
			"vayra_swordsman_overdriven":2.5,
			"vayra_swordsman_strike":2.5,
			"vayra_pinnacle_beam":2.5,
			"vayra_pinnacle_assault":2.5,
			"vayra_pinnacle_lance":2.5,
			"vayra_pinnacle_overdriven":2.5,
			"vayra_ruin_pd":10,
	},
	"combatMedium":{
			"vayra_direwolf_at":2,
			"vayra_direwolf_cs":2,
			"vayra_direwolf_ov":2,
			"vayra_direwolf_st":2,
			"vayra_direwolf_ts":1,
			"vayra_buffalo_xiv_se":1,
			"vayra_buffalo_lc_l":10,
			"vayra_badger_p_a":5,
			"vayra_badger_p_a2":5,
			"vayra_tarsus_ii_Standard":10,
			"vayra_intimidator_a":3,
			"vayra_intimidator_b":3,
			"vayra_intimidator_pd":2,
			"vayra_intimidator_o":1,
			"vayra_intimidator_j":1,
			"vayra_intimidator_lc_l":10,
			"vayra_persecutor_a":2.5,
			"vayra_persecutor_b":2.5,
			"vayra_persecutor_cs":2.5,
			"vayra_persecutor_o":2.5,
			"vayra_persecutor_lp_o":10,
			"vayra_prospector_e":10,
			"vayra_redoubt_standard":4,
			"vayra_redoubt_cs":3,
			"vayra_redoubt_overdriven":3,
			"vayra_motte_carrier":5,
			"vayra_huntress_attack":2.5,
			"vayra_huntress_assault":2.5,
			"vayra_huntress_overdriven":2.5,
			"vayra_huntress_cs":2.5,
			"vayra_exemplar_beam":4,
			"vayra_exemplar_assault":4,
			"vayra_exemplar_overdriven":2,
	},
	"combatLarge":{
			"vayra_oppressor_a":4.5,
			"vayra_oppressor_s":4.5,
			"vayra_oppressor_o":1,
			"vayra_oppressor_lc_l":10,
			"vayra_subjugator_a":3.33,
			"vayra_subjugator_o":3.33,
			"vayra_subjugator_s":3.33,
			"vayra_subjugator_lp_o":10,
			"vayra_typhon_be":5,
			"vayra_typhon_as":2.5,
			"vayra_typhon_la":2.5,
			"vayra_pioneer_missile":5,
			"vayra_pioneer_support":5,
			"venture_vayra_strong":3,
			"vayra_fortress_we":10,
			"vayra_battlement_missile":10,
	},
	"combatCapital":{
			"vayra_atlas_xiv_rd":1,
			"vayra_tyrant_a":3.33,
			"vayra_tyrant_b":3.33,
			"vayra_tyrant_cs":3.33,
			"vayra_tyrant_lp_lh":10,
			"vayra_pathfinder_artillery":4,
			"vayra_pathfinder_beam":4,
			"vayra_bear_standard":8,
	},
	
	
	# hybrid ships with good combat and cargo capacity
	"combatFreighterSmall":{
			"shepherd_vayra_mining":2,
			"wayfarer_vayra_mining":2,
			"vayra_mining_hound_blaster":1,
			"vayra_mining_hound_cutter":1,
			"vayra_mining_hound_streamer":1,
			"vayra_mining_hound_shielded":1,
			"vayra_mining_hound_hardened":1,
			"vayra_groundhog_m":2.5,
			"vayra_groundhog_cs":2.5,
			"vayra_spade_shielded":2,
			"vayra_spade_overdriven":2,
			"vayra_spade_torpedo":2, # Commonality reduced from 4 to counteract Spade spam. - PM
	},
	"combatFreighterMedium":{
			"mule_vayra_mining":3,
			"mule_d_pirates_vayra_mining":3,
			"mule_d_pirates_vayra_mining_o":1,
			"vayra_heavy_drone_tender_cs":3.33,
			"vayra_heavy_drone_tender_beam":3.33,
			"vayra_heavy_drone_tender_mining":3.33,
			"vayra_badger_p_a":5,
			"vayra_badger_p_a2":5,
			"vayra_prospector_e":10,
	},
	"combatFreighterLarge":{
			"venture_vayra_mining":5,
			"vayra_pathfinder_artillery":1,
			"vayra_pathfinder_beam":1,
			"vayra_bear_standard":1,
	},

	# carriers
	"carrierSmall":{
			"vayra_heavy_drone_tender_cs":3.33,
			"vayra_heavy_drone_tender_beam":3.33,
			"vayra_heavy_drone_tender_mining":3.33,
			"vayra_prospector_e":5,
			"vayra_seer_strike":5,
			"vayra_seer_pd":5,
	},
	"carrierMedium":{
			"colossus3_Pirate":5,
			"vayra_colossus_xiv_rd":2,
			"vayra_clairvoyant_support":5,
			"vayra_clairvoyant_overdriven":5,
	},
	"carrierLarge":{
	},

	# phase ships
	"phaseSmall":{
	},

	"personnelMedium":{
            "vayra_henchman_s":5,
            "vayra_henchman_l":5,
	},
	
	# utility ships
	"tug":{
	},
	"crig":{
			"vayra_groundhog_m":1,
			"vayra_groundhog_cs":1,
			"vayra_heavy_drone_tender_mining":4,
	},
	"utility":{
			"vayra_mining_hound_blaster":1,
			"vayra_mining_hound_cutter":1,
			"vayra_mining_hound_streamer":1,
			"vayra_groundhog_m":1,
			"vayra_groundhog_cs":1,
			"vayra_heavy_drone_tender_mining":4,
			"vayra_prospector_e":2,
	},
	
	
	"civilianRandom":{
		"vayra_spade_shielded":2,
		"vayra_spade_overdriven":2,
		"vayra_spade_torpedo":2,
		"vayra_groundhog_m":1,
		"vayra_heavy_drone_tender_mining":2,
		"vayra_prospector_e":1,
	},
	
	# freighters and such
	"freighterSmall":{
	},
	"freighterMedium":{
	},
	"freighterLarge":{
	},
	
	"tankerSmall":{
	},
	"tankerMedium":{
	},
	"tankerLarge":{
	},
	
	
}
